id,descripcion,tipo,precioUnitario,cantidad,totalBulto
52,Notebook HP,2,450000.000000,60,27000000.000000
58,Tablet Acer,2,45640.000000,30,1369200.000000
59,Celular Samsung A30,2,65000.000000,30,1950000.000000
63,Auriculares Samsung,2,1280.560059,120,153667.203125
68,Xbox 360,2,87600.000000,100,8760000.000000
69,SmartWatch,2,67867.601563,10,678676.000000
72,Smart Tv 32 pulgadas,2,145600.000000,60,8736000.000000
74,Parlantes usb,2,15600.000000,15,234000.000000